Month,Organic Website Traffic,Paid Traffic,Total Website Traffic,Website Conversion Rate,Total Orders,Average Order Value (AOV) ($),Total Revenue ($)
1,2500,2000,4500,0.8%,36,$45.00,"$1,620.00"
2,2625,2000,4625,0.82%,38,$45.50,"$1,729.00"
3,2756,2000,4756,0.84%,40,$46.00,"$1,840.00"
4,2894,2500,5394,0.86%,46,$46.50,"$2,139.00"
5,3038,2500,5538,0.88%,49,$47.00,"$2,303.00"
6,3190,2500,5690,0.9%,51,$47.50,"$2,422.50"
7,3349,3000,6349,0.92%,58,$48.00,"$2,784.00"
8,3516,3000,6516,0.94%,61,$48.50,"$2,958.50"
9,3692,3000,6692,0.96%,64,$49.00,"$3,136.00"
10,3877,3000,6877,0.98%,67,$49.50,"$3,316.50"
11,4071,3000,7071,0.99%,70,$49.75,"$3,482.75"
12,4275,3000,7275,1%,72,$50.00,"$3,600.00"